Organization,Followed On
The Ksquare Group,Mon Mar 23 17:15:22 UTC 2026
LER TechForce,Wed Mar 11 00:47:34 UTC 2026
Confidential Careers,Wed Mar 11 00:45:45 UTC 2026
Nearsure,Tue Mar 10 23:48:05 UTC 2026
Danieli Automation DIGI&MET,Tue Mar 10 23:43:44 UTC 2026
Crossing Hurdles,Tue Mar 10 23:38:14 UTC 2026
Infosys,Thu Feb 19 19:28:08 UTC 2026
Gendra,Sat Jan 31 01:27:41 UTC 2026
GTA Telecom de México,Sat Jan 31 01:26:25 UTC 2026
Empresa Confidencial,Sat Jan 31 01:26:00 UTC 2026
Motivus,Sat Jan 31 01:25:28 UTC 2026
Daimler Truck México,Sat Jan 31 01:24:16 UTC 2026
Corus Consulting an Alten Company,Sat Jan 31 01:24:02 UTC 2026
TMC México,Sat Jan 31 01:23:40 UTC 2026
Viajes El Corte Inglés México,Sat Jan 31 01:21:26 UTC 2026
Stefanini LATAM,Sat Jan 31 01:21:12 UTC 2026
PAM Hotels,Wed Jan 28 01:11:53 UTC 2026
New Era Technology,Mon Jan 26 05:57:10 UTC 2026
Infovision Solutions Pvt Ltd,Mon Jan 19 17:43:44 UTC 2026
NTT DATA Europe & Latam,Mon Jan 19 17:42:28 UTC 2026
HCLTech,Mon Jan 19 17:41:32 UTC 2026
Sonata Software,Fri Dec 05 18:02:35 UTC 2025
RCD Hotels,Fri Dec 05 17:59:32 UTC 2025
Genpact,Fri Dec 05 17:58:56 UTC 2025
axity,Fri Dec 05 17:56:54 UTC 2025
"Pyramid Consulting, Inc",Fri Dec 05 17:56:05 UTC 2025
Pentangle Tech Services | P5 Group,Wed Nov 26 18:26:16 UTC 2025
Epsilon LATAM.,Wed Nov 26 18:25:47 UTC 2025
ALTEN Mexico,Wed Nov 26 18:23:24 UTC 2025
Grupo Viajes El Corte Inglés,Mon Nov 03 23:02:41 UTC 2025
Tata Consultancy Services,Mon Nov 03 22:56:12 UTC 2025
Deloitte,Mon Nov 03 22:55:08 UTC 2025
Innova Solutions,Sun Sep 28 02:21:24 UTC 2025
Travel Compositor,Sun Sep 28 02:21:02 UTC 2025
QiBit,Sun Sep 28 02:20:24 UTC 2025
GAC Solutions,Sun Sep 28 02:18:55 UTC 2025
ASD Technologies de Mexico,Sun Sep 28 02:17:43 UTC 2025
Orion Innovation,Sun Jul 20 22:08:47 UTC 2025
EPAM Systems,Sun Jul 20 22:08:36 UTC 2025
INDI Staffing Services,Sun Jul 20 22:06:57 UTC 2025
Softtek,Fri Jul 18 22:42:20 UTC 2025
Viaro Networks Inc.,Tue Jul 15 19:36:10 UTC 2025
GlobalLogic,Fri Jul 04 02:29:11 UTC 2025
Capgemini,Fri Jul 04 01:59:32 UTC 2025
Zorya,Thu Jun 12 16:41:31 UTC 2025
Schneider Electric,Thu May 22 02:48:18 UTC 2025
Defontana Chile,Fri Apr 25 22:57:00 UTC 2025
Canicalabs,Mon Jan 27 21:18:31 UTC 2025
Codelab,Mon Jan 27 21:17:14 UTC 2025
"Universidad La Salle de Pachuca, A.C.",Sun Sep 04 09:48:29 UTC 2016
Mural Táctil,Sat May 07 02:26:05 UTC 2016