Saved Date,Job Url,Job Title,Company Name
"5/6/16, 7:28 PM",http://www.linkedin.com/jobs/view/127890858,JEFE DE PROYECTOS SR TI - OPICS,Isban México
"5/6/16, 7:28 PM",http://www.linkedin.com/jobs/view/123331098,MANAGER TI - BANCA MAYORISTA,Isban México
"3/9/26, 8:37 AM",http://www.linkedin.com/jobs/view/4362705184,Senior Software Engineer - Mexico,Munters
"5/6/16, 7:28 PM",http://www.linkedin.com/jobs/view/127886402,JEFE DE PROYECTOS TI - TESORERIA,Isban México
"3/6/26, 3:23 PM",http://www.linkedin.com/jobs/view/4375952312,Senior Software Developer,Ria Money Transfer
"5/6/16, 7:28 PM",http://www.linkedin.com/jobs/view/131073066,LIDER DE PROYECTO NORMATIVO IT - BANCA MAYORISTA,Isban México
"3/6/26, 3:44 PM",http://www.linkedin.com/jobs/view/4380997749,Senior Backend Developer – C#/ .Net (Remote - Mexico Only),Varicent
"3/9/26, 8:43 AM",http://www.linkedin.com/jobs/view/4371792900,Full Stack Engineer ID46944,AgileEngine
"5/6/16, 7:28 PM",http://www.linkedin.com/jobs/view/127882823,JEFE DE PROYECTOS TI - LIQUIDEZ Y PAGOS,Isban México
"3/4/26, 9:02 AM",http://www.linkedin.com/jobs/view/4372480670,Full-Stack Software Engineer (.NET & Angular),Ria Money Transfer
"3/9/26, 8:36 AM",http://www.linkedin.com/jobs/view/4192197765,.NET Core Developer - Remote Work | REF#269714,BairesDev
"3/10/26, 8:55 AM",http://www.linkedin.com/jobs/view/4330033644,Desarrollador .NET,Azkait
